{
  "1001": {
    "id": "1001",
    "name": "Omar Mohamed",
    "phone": "+201009975674",
    "age": 28,
    "gender": "Male",
    "doctor": "Dr. Omar",
    "email": "omar@example.com",
    "token": "vrN2291vlmk",
    "results": {
      "ABS": null,
      "CONC": null,
      "TRANS": null
    }
  },
  "1002": {
    "id": "1002",
    "name": "Fayez Ammar",
    "phone": "+2011127606570",
    "age": 29,
    "gender": "Male",
    "doctor": "Dr. Mona",
    "email": "fayez@example.com",
    "token": "yPsPN-2MRRo",
    "results": {
      "ABS": null,
      "CONC": null,
      "TRANS": null
    }
  },
  "1003": {
    "id": "1003",
    "name": "Mohamed Asharf",
    "phone": "+201014388438",
    "age": 30,
    "gender": "Male",
    "doctor": "Dr. Omar",
    "email": "mohamed@example.com",
    "token": "4PdhlH0q_as",
    "results": {
      "ABS": null,
      "CONC": null,
      "TRANS": null
    }
  },
  "1004": {
    "id": "1004",
    "name": "Mahmoud Efat",
    "phone": "+201098959989",
    "age": 31,
    "gender": "Male",
    "doctor": "Dr. Mona",
    "email": "mahmoud@example.com",
    "token": "DOJn_MHBT6o",
    "results": {
      "ABS": null,
      "CONC": null,
      "TRANS": null
    }
  },
  "1005": {
    "id": "1005",
    "name": "Mohamed Nasser",
    "phone": "+201557292570",
    "age": 32,
    "gender": "Male",
    "doctor": "Dr. Omar",
    "email": "nasser@example.com",
    "token": "pLyIRWI3I08",
    "results": {
      "ABS": null,
      "CONC": null,
      "TRANS": null
    }
  },
  "1006": {
    "id": "1006",
    "name": "Mohame Mohsen",
    "phone": "+201004408590",
    "age": 33,
    "gender": "Male",
    "doctor": "Dr. Mona",
    "email": "mohame@example.com",
    "token": "KpKvUrxR8ZM",
    "results": {
      "ABS": null,
      "CONC": null,
      "TRANS": null
    }
  },
  "1007": {
    "id": "1007",
    "name": "Youssef Atef",
    "phone": "+201016279949",
    "age": 34,
    "gender": "Male",
    "doctor": "Dr. Omar",
    "email": "youssef@example.com",
    "token": "v-JySFe9xpU",
    "results": {
      "ABS": null,
      "CONC": null,
      "TRANS": null
    }
  },
  "1008": {
    "id": "1008",
    "name": "Mariem Yasser",
    "phone": "+201126932227",
    "age": 25,
    "gender": "Female",
    "doctor": "Dr. Mona",
    "email": "mariem@example.com",
    "token": "Lnkma_Lv0lo",
    "results": {
      "ABS": null,
      "CONC": null,
      "TRANS": null
    }
  },
  "1009": {
    "id": "1009",
    "name": "Rana Ahmed",
    "phone": "+201068014675",
    "age": 26,
    "gender": "Female",
    "doctor": "Dr. Omar",
    "email": "rana@example.com",
    "token": "gwaUrb2TYek",
    "results": {
      "ABS": null,
      "CONC": null,
      "TRANS": null
    }
  },
  "1010": {
    "id": "1010",
    "name": "Patient 1010",
    "phone": "+201212392315",
    "age": 27,
    "gender": "Female",
    "doctor": "Dr. Mona",
    "email": "p1010@example.com",
    "token": "wCqArMH_vb8",
    "results": {
      "ABS": null,
      "CONC": null,
      "TRANS": null
    }
  }
}